binary,crate_repo,package_name,bin_name,n_functions,n_known_ground_truth,n_true_cgus,n_predicted_groups,adjusted_rand_index,homogeneity,completeness,build_config,elapsed_build_s,timestamp
round3_tokei,round3_prior,tokei,realtokei_unstripped,4418,521,16,199,0.9112,0.9886,0.9084,"round3 prior build, various configs, see round3/ROUND*.md",0.0,2026-08-06T00:19:08
round3_ripgrep,round3_prior,rg,realripgrep_unstripped,8895,1406,16,151,0.9683,0.9984,0.9485,"round3 prior build, various configs, see round3/ROUND*.md",0.0,2026-08-06T00:19:09
round3_bat_regex_automata,round3_prior,regex_automata,realbat2_unstripped,8197,644,16,1060,0.9837,0.9973,0.9638,"round3 prior build, various configs, see round3/ROUND*.md",0.0,2026-08-06T00:19:11
round3_fd_clap_builder,round3_prior,clap_builder,realfd2_unstripped,6735,439,16,732,0.9594,0.9918,0.9508,"round3 prior build, various configs, see round3/ROUND*.md",0.0,2026-08-06T00:19:12
xsv__xsv,xsv,xsv,xsv,2793,722,16,148,0.9821,1.0,0.975,"release,-C save-temps,codegen-units=16,lto=false,strip=false,default-linker",13.2,2026-08-06T00:19:41
hexyl__hexyl,hexyl,hexyl,hexyl,2014,521,25,86,0.9201,0.9742,0.9043,"release,-C save-temps,codegen-units=16,lto=false,strip=false,default-linker",5.2,2026-08-06T00:19:49
sd__xtask,sd,xtask,xtask,1619,145,16,81,0.7019,0.9701,0.7903,"release,-C save-temps,codegen-units=16,lto=false,strip=false,default-linker",8.1,2026-08-06T00:20:00
pastel__pastel,pastel,pastel,pastel,1691,373,32,75,0.9799,0.9827,0.9858,"release,-C save-temps,codegen-units=16,lto=false,strip=false,default-linker",10.1,2026-08-06T00:20:12
zoxide__zoxide,zoxide,zoxide,zoxide,2115,623,16,69,0.9929,1.0,0.9881,"release,-C save-temps,codegen-units=16,lto=false,strip=false,default-linker",9.0,2026-08-06T00:20:27
just__just,just,just,just,7064,2273,31,299,0.9808,0.9983,0.9672,"release,-C save-temps,codegen-units=16,lto=false,strip=false,default-linker",27.8,2026-08-06T00:21:27
grex__grex,grex,grex,grex,3391,158,16,131,0.5824,1.0,0.738,"release,-C save-temps,codegen-units=16,lto=false,strip=false,default-linker",10.8,2026-08-06T00:21:41
hyperfine__hyperfine,hyperfine,hyperfine,hyperfine,2395,484,16,142,0.9982,1.0,0.9907,"release,-C save-temps,codegen-units=16,lto=false,strip=false,default-linker",10.9,2026-08-06T00:21:52
fclones__fclones,fclones,fclones,fclones,6416,1657,32,342,0.9387,1.0,0.9643,"release,-C save-temps,codegen-units=16,lto=false,strip=false,default-linker",21.8,2026-08-06T00:22:36
gping__gping,gping,gping,gping,4574,554,16,250,0.9581,0.998,0.9179,"release,-C save-temps,codegen-units=16,lto=false,strip=false,default-linker",16.8,2026-08-06T00:22:55
tokei__tokei,tokei,tokei,tokei,4759,1089,32,275,0.6988,0.9911,0.8904,"release,-C save-temps,codegen-units=16,lto=false,strip=false,default-linker",29.0,2026-08-06T00:23:26
eza__eza,eza,eza,eza,2853,458,16,1072,0.7489,0.9898,0.7422,"release,-C save-temps,codegen-units=16,lto=false,strip=false,default-linker",37.4,2026-08-06T00:24:06
websocat__websocat,websocat,websocat,websocat,7401,3129,32,364,0.9885,0.9995,0.9733,"release,-C save-temps,codegen-units=16,lto=false,strip=false,default-linker",79.3,2026-08-06T00:27:06
bottom__btm,bottom,bottom,btm,6698,2050,16,288,0.9422,0.9985,0.9287,"release,-C save-temps,codegen-units=16,lto=false,strip=false,default-linker",83.0,2026-08-06T00:28:34
ouch__ouch,ouch,ouch,ouch,8814,2483,16,896,0.9942,0.9996,0.9871,"release,-C save-temps,codegen-units=16,lto=false,strip=false,default-linker",61.5,2026-08-06T00:29:39
rathole__rathole,rathole,rathole,rathole,4263,1436,32,930,0.9762,0.9932,0.9375,"release,-C save-temps,codegen-units=16,lto=false,strip=false,default-linker",100.8,2026-08-06T00:31:32
oxker__oxker,oxker,oxker,oxker,6644,2298,16,371,0.9749,0.9998,0.9666,"release,-C save-temps,codegen-units=16,lto=false,strip=false,default-linker",42.3,2026-08-06T00:32:16
procs__procs,procs,procs,procs,10249,2140,16,444,0.942,0.9888,0.9249,"release,-C save-temps,codegen-units=16,lto=false,strip=false,default-linker",49.2,2026-08-06T00:33:08
rustscan__rustscan,rustscan,rustscan,rustscan,6972,1166,32,487,0.9605,0.9977,0.9529,"release,-C save-temps,codegen-units=16,lto=false,strip=false,default-linker",39.2,2026-08-06T00:33:49
bat__bat,bat,bat,bat,10316,1455,32,800,0.9916,0.9997,0.9843,"release,-C save-temps,codegen-units=16,lto=false,strip=false,default-linker",43.6,2026-08-06T00:35:43
dufs__dufs,dufs,dufs,dufs,8869,1945,16,1280,0.9762,0.9985,0.9544,"release,-C save-temps,codegen-units=16,lto=false,strip=false,default-linker",33.2,2026-08-06T00:36:38
mqttui__mqttui,mqttui,mqttui,mqttui,9201,1025,16,1313,0.8768,0.9944,0.8701,"release,-C save-temps,codegen-units=16,lto=false,strip=false,default-linker",51.8,2026-08-06T00:37:31
pueue__pueue,pueue,pueue,pueue,10419,2001,31,575,0.9533,1.0,0.9658,"release,-C save-temps,codegen-units=16,lto=false,strip=false,default-linker",38.8,2026-08-06T00:38:13
pueue__pueued,pueue,pueue,pueued,10219,1181,17,563,0.9734,0.9988,0.9541,"release,-C save-temps,codegen-units=16,lto=false,strip=false,default-linker",38.8,2026-08-06T00:38:16
ferium__ferium,ferium,ferium,ferium,22458,3106,16,1713,0.961,0.9986,0.9153,"release,-C save-temps,codegen-units=16,lto=false,strip=false,default-linker",80.2,2026-08-06T00:39:40
xh__xh,xh,xh,xh,15243,2200,16,1682,0.8461,0.9987,0.8803,"release,-C save-temps,codegen-units=16,lto=false,strip=false,default-linker",55.5,2026-08-06T00:40:39
dprint__dprint,dprint,dprint,dprint,35019,8166,16,866,0.9754,0.9973,0.9525,"release,-C save-temps,codegen-units=16,lto=false,strip=false,default-linker",86.5,2026-08-06T00:42:12
rage__rage,rage,rage,rage,6061,467,16,1247,0.7658,0.9932,0.7898,"release,-C save-temps,codegen-units=16,lto=false,strip=false,default-linker",29.5,2026-08-06T00:42:43
rage__rage-keygen,rage,rage,rage-keygen,4292,50,5,928,0.0055,0.8746,0.266,"release,-C save-temps,codegen-units=16,lto=false,strip=false,default-linker",29.5,2026-08-06T00:42:44
netscanner__netscanner,netscanner,netscanner,netscanner,19852,2613,16,801,0.9671,0.9955,0.9321,"release,-C save-temps,codegen-units=16,lto=false,strip=false,default-linker",43.4,2026-08-06T00:43:31
feroxbuster__feroxbuster,feroxbuster,feroxbuster,feroxbuster,21631,2508,31,5702,0.9763,0.9994,0.9671,"release,-C save-temps,codegen-units=16,lto=false,strip=false,default-linker",68.4,2026-08-06T00:44:43
bandwhich__bandwhich,bandwhich,bandwhich,bandwhich,4565,1086,16,300,0.8937,0.9926,0.8859,"release,-C save-temps,codegen-units=16,lto=false,strip=false,default-linker",25.5,2026-08-06T00:45:10
starship__starship,starship,starship,starship,22300,6609,32,1049,0.9866,0.9988,0.9607,"release,-C save-temps,codegen-units=16,lto=false,strip=false,default-linker",62.1,2026-08-06T00:47:01
miniserve__miniserve,miniserve,miniserve,miniserve,24769,3611,16,1370,0.8509,0.9939,0.8448,"release,-C save-temps,codegen-units=16,lto=false,strip=false,default-linker",57.9,2026-08-06T00:48:03
topgrade__topgrade,topgrade,topgrade,topgrade,13819,2941,16,667,0.9795,0.9996,0.9532,"release,-C save-temps,codegen-units=16,lto=false,strip=false,default-linker",69.5,2026-08-06T00:49:16
oha__oha,oha,oha,oha,22321,6413,32,2982,0.9815,1.0,0.9791,"release,-C save-temps,codegen-units=16,lto=false,strip=false,default-linker",64.0,2026-08-06T00:50:25
zellij__zellij,zellij,zellij,zellij,50113,638,16,8562,0.3537,0.9119,0.5046,"release,-C save-temps,codegen-units=16,lto=false,strip=false,default-linker",144.1,2026-08-06T00:53:53
jsonxf__jsonxf,jsonxf,jsonxf,jsonxf,757,78,14,32,0.9258,0.9732,0.9483,"release,-C save-temps,codegen-units=16,lto=false,strip=false,default-linker",0.7,2026-08-06T02:01:55
broot__broot,broot,broot,broot,16486,4041,31,1508,0.9213,0.9988,0.9042,"release,-C save-temps,codegen-units=16,lto=false,strip=false,default-linker",55.2,2026-08-06T02:03:03
lsd__lsd,lsd,lsd,lsd,5622,604,16,797,0.9864,1.0,0.9853,"release,-C save-temps,codegen-units=16,lto=false,strip=false,default-linker",26.1,2026-08-06T02:03:32
skim__sk,skim,skim,sk,11107,2442,16,677,0.9731,0.9979,0.9516,"release,-C save-temps,codegen-units=16,lto=false,strip=false,default-linker",84.5,2026-08-06T02:05:01
viu__viu,viu,viu,viu,4601,1026,16,227,0.9077,0.9953,0.8991,"release,-C save-temps,codegen-units=16,lto=false,strip=false,default-linker",23.2,2026-08-06T02:05:29
onefetch__onefetch,onefetch,onefetch,onefetch,18456,2903,31,1108,0.8964,0.9898,0.8667,"release,-C save-temps,codegen-units=16,lto=false,strip=false,default-linker",50.4,2026-08-06T02:06:24
runiq__runiq,runiq,runiq,runiq,3244,156,22,138,0.8021,0.9906,0.8612,"release,-C save-temps,codegen-units=16,lto=false,strip=false,default-linker",13.0,2026-08-06T02:07:20
gitui__gitui,gitui,gitui,gitui,45369,3538,16,7350,0.9376,0.9932,0.8742,"release,-C save-temps,codegen-units=16,lto=false,strip=false,default-linker",57.8,2026-08-06T02:09:29
navi__navi,navi,navi,navi,5848,1056,32,1259,0.8167,0.9971,0.807,"release,-C save-temps,codegen-units=16,lto=false,strip=false,default-linker",17.8,2026-08-06T02:12:17
rust-script__rust-script,rust-script,rust-script,rust-script,4133,332,16,201,0.7998,0.9936,0.8518,"release,-C save-temps,codegen-units=16,lto=false,strip=false,default-linker",8.1,2026-08-06T02:13:44
cargo-bloat__cargo-bloat,cargo-bloat,cargo-bloat,cargo-bloat,1970,270,16,100,0.9337,0.985,0.9195,"release,-C save-temps,codegen-units=16,lto=false,strip=false,default-linker",3.8,2026-08-06T02:18:53
rust-parallel__rust-parallel,rust-parallel,rust-parallel,rust-parallel,5747,839,16,246,0.9381,0.9991,0.9026,"release,-C save-temps,codegen-units=16,lto=false,strip=false,default-linker",11.9,2026-08-06T02:20:04
watchexec__watchexec,watchexec,watchexec-cli,watchexec,18712,3004,16,815,0.9126,0.9949,0.8705,"release,-C save-temps,codegen-units=16,lto=false,strip=false,default-linker",66.6,2026-08-06T02:22:17
zola__zola,zola,zola,zola,44836,1995,16,2967,0.8534,0.9914,0.8027,"release,-C save-temps,codegen-units=16,lto=false,strip=false,default-linker",121.2,2026-08-06T02:25:33
mdbook__mdbook,mdbook,mdbook,mdbook,12477,1484,16,603,0.9616,0.9982,0.9384,"release,-C save-temps,codegen-units=16,lto=false,strip=false,default-linker",24.9,2026-08-06T02:26:02
choose__choose,choose,choose,choose,3111,152,16,108,0.7199,0.9738,0.7866,"release,-C save-temps,codegen-units=16,lto=false,strip=false,default-linker",4.9,2026-08-06T02:26:15
bacon__bacon,bacon,bacon,bacon,10814,2940,19,617,0.8745,0.9963,0.8556,"release,-C save-temps,codegen-units=16,lto=false,strip=false,default-linker",46.2,2026-08-06T02:27:08
cargo-generate__cargo-generate,cargo-generate,cargo-generate,cargo-generate,18315,3758,32,1515,0.8286,0.9949,0.8668,"release,-C save-temps,codegen-units=16,lto=false,strip=false,default-linker",51.8,2026-08-06T02:28:05
xplr__xplr,xplr,xplr,xplr,8756,3483,24,958,0.9974,0.9995,0.9943,"release,-C save-temps,codegen-units=16,lto=false,strip=false,default-linker",32.7,2026-08-06T02:28:41
typos__typos,typos,typos-cli,typos,5467,731,16,331,0.9458,1.0,0.8936,"release,-C save-temps,codegen-units=16,lto=false,strip=false,default-linker",31.8,2026-08-06T02:30:36
taplo__taplo,taplo,taplo-cli,taplo,19341,283,16,781,0.4344,0.9937,0.5999,"release,-C save-temps,codegen-units=16,lto=false,strip=false,default-linker",49.9,2026-08-06T02:31:29
trippy__hello-world,trippy,hello-world,hello-world,1457,181,16,99,0.9077,0.9846,0.9363,"release,-C save-temps,codegen-units=16,lto=false,strip=false,default-linker",35.1,2026-08-06T02:32:11
trippy__toy-traceroute,trippy,toy-traceroute,toy-traceroute,5516,252,16,251,0.973,1.0,0.9771,"release,-C save-temps,codegen-units=16,lto=false,strip=false,default-linker",35.1,2026-08-06T02:32:13
dust__dust,dust,du-dust,dust,4353,626,16,206,0.965,0.9992,0.9615,"release,-C save-temps,codegen-units=16,lto=false,strip=false,default-linker",13.3,2026-08-06T02:35:47
difftastic__difft,difftastic,difftastic,difft,7565,941,16,2001,0.8081,0.9995,0.7733,"release,-C save-temps,codegen-units=16,lto=false,strip=false,default-linker",48.8,2026-08-06T02:38:24
fd__fd,fd,fd-find,fd,5804,844,16,232,0.9682,1.0,0.953,"release,-C save-temps,codegen-units=16,lto=false,strip=false,default-linker",10.0,2026-08-06T02:38:52
git-delta__delta,git-delta,git-delta,delta,6954,1248,16,790,0.9372,0.9953,0.9194,"release,-C save-temps,codegen-units=16,lto=false,strip=false,default-linker",41.9,2026-08-06T02:39:35
ripgrep__rg,ripgrep,ripgrep,rg,8790,1299,16,235,0.9718,0.9982,0.9484,"release,-C save-temps,codegen-units=16,lto=false,strip=false,default-linker",13.0,2026-08-06T02:43:01
tealdeer__tldr,tealdeer,tealdeer,tldr,6407,982,16,351,0.8351,0.9958,0.8479,"release,-C save-temps,codegen-units=16,lto=false,strip=false,default-linker",15.7,2026-08-06T02:45:56
wormhole-rs__wormhole-rs,wormhole-rs,magic-wormhole-cli,wormhole-rs,13105,2085,16,723,0.9578,0.9985,0.9271,"release,-C save-temps,codegen-units=16,lto=false,strip=false,default-linker",43.7,2026-08-06T02:49:24
